acanthochromis_polyacanthus_vep_99_ASM210954v1.tar.gz
accipiter_nisus_vep_99_Accipiter_nisus_ver1.0.tar.gz
ailuropoda_melanoleuca_vep_99_ailMel1.tar.gz
amazona_collaria_vep_99_ASM394721v1.tar.gz
amphilophus_citrinellus_vep_99_Midas_v5.tar.gz
amphiprion_ocellaris_vep_99_AmpOce1.0.tar.gz
amphiprion_percula_vep_99_Nemo_v1.tar.gz
anabas_testudineus_vep_99_fAnaTes1.1.tar.gz
anas_platyrhynchos_platyrhynchos_vep_99_CAU_duck1.0.tar.gz
anolis_carolinensis_merged_vep_99_AnoCar2.0.tar.gz
anolis_carolinensis_refseq_vep_99_AnoCar2.0.tar.gz
anolis_carolinensis_vep_99_AnoCar2.0.tar.gz
anser_brachyrhynchus_vep_99_ASM259213v1.tar.gz
anser_cygnoides_vep_99_GooseV1.0.tar.gz
aotus_nancymaae_merged_vep_99_Anan_2.0.tar.gz
aotus_nancymaae_refseq_vep_99_Anan_2.0.tar.gz
aotus_nancymaae_vep_99_Anan_2.0.tar.gz
apteryx_haastii_vep_99_aptHaa1.tar.gz
apteryx_owenii_vep_99_aptOwe1.tar.gz
apteryx_rowi_vep_99_aptRow1.tar.gz
aquila_chrysaetos_chrysaetos_vep_99_bAquChr1.2.tar.gz
astatotilapia_calliptera_vep_99_fAstCal1.2.tar.gz
astyanax_mexicanus_pachon_vep_99_Astyanax_mexicanus-1.0.2.tar.gz
astyanax_mexicanus_vep_99_Astyanax_mexicanus-2.0.tar.gz
athene_cunicularia_vep_99_athCun1.tar.gz
betta_splendens_vep_99_fBetSpl5.2.tar.gz
bison_bison_bison_vep_99_Bison_UMD1.0.tar.gz
bos_grunniens_vep_99_LU_Bosgru_v3.0.tar.gz
bos_indicus_hybrid_vep_99_UOA_Brahman_1.tar.gz
bos_mutus_merged_vep_99_BosGru_v2.0.tar.gz
bos_mutus_refseq_vep_99_BosGru_v2.0.tar.gz
bos_mutus_vep_99_BosGru_v2.0.tar.gz
bos_taurus_hybrid_vep_99_UOA_Angus_1.tar.gz
bos_taurus_merged_vep_99_ARS-UCD1.2.tar.gz
bos_taurus_refseq_vep_99_ARS-UCD1.2.tar.gz
bos_taurus_vep_99_ARS-UCD1.2.tar.gz
caenorhabditis_elegans_vep_99_WBcel235.tar.gz
calidris_pugnax_vep_99_ASM143184v1.tar.gz
calidris_pygmaea_vep_99_ASM369795v1.tar.gz
callithrix_jacchus_vep_99_ASM275486v1.tar.gz
callorhinchus_milii_vep_99_Callorhinchus_milii-6.1.3.tar.gz
camelus_dromedarius_vep_99_CamDro2.tar.gz
canis_familiaris_merged_vep_99_CanFam3.1.tar.gz
canis_familiaris_refseq_vep_99_CanFam3.1.tar.gz
canis_familiaris_vep_99_CanFam3.1.tar.gz
canis_lupus_dingo_vep_99_ASM325472v1.tar.gz
canis_lupus_familiarisbasenji_vep_99_Basenji_breed-1.1.tar.gz
canis_lupus_familiarisgreatdane_vep_99_UMICH_Zoey_3.1.tar.gz
capra_hircus_merged_vep_99_ARS1.tar.gz
capra_hircus_refseq_vep_99_ARS1.tar.gz
capra_hircus_vep_99_ARS1.tar.gz
carlito_syrichta_merged_vep_99_Tarsius_syrichta-2.0.1.tar.gz
carlito_syrichta_refseq_vep_99_Tarsius_syrichta-2.0.1.tar.gz
carlito_syrichta_vep_99_Tarsius_syrichta-2.0.1.tar.gz
castor_canadensis_vep_99_C.can_genome_v1.0.tar.gz
catagonus_wagneri_vep_99_CatWag_v2_BIUU_UCD.tar.gz
cavia_aperea_vep_99_CavAp1.0.tar.gz
cavia_porcellus_merged_vep_99_Cavpor3.0.tar.gz
cavia_porcellus_refseq_vep_99_Cavpor3.0.tar.gz
cavia_porcellus_vep_99_Cavpor3.0.tar.gz
cebus_capucinus_vep_99_Cebus_imitator-1.0.tar.gz
cercocebus_atys_vep_99_Caty_1.0.tar.gz
chelonoidis_abingdonii_vep_99_ASM359739v1.tar.gz
chinchilla_lanigera_merged_vep_99_ChiLan1.0.tar.gz
chinchilla_lanigera_refseq_vep_99_ChiLan1.0.tar.gz
chinchilla_lanigera_vep_99_ChiLan1.0.tar.gz
chlorocebus_sabaeus_vep_99_ChlSab1.1.tar.gz
choloepus_hoffmanni_vep_99_choHof1.tar.gz
chrysemys_picta_bellii_merged_vep_99_Chrysemys_picta_bellii-3.0.3.tar.gz
chrysemys_picta_bellii_refseq_vep_99_Chrysemys_picta_bellii-3.0.3.tar.gz
chrysemys_picta_bellii_vep_99_Chrysemys_picta_bellii-3.0.3.tar.gz
chrysolophus_pictus_vep_99_Chrysolophus_pictus_GenomeV1.0.tar.gz
ciona_intestinalis_merged_vep_99_KH.tar.gz
ciona_intestinalis_refseq_vep_99_KH.tar.gz
ciona_intestinalis_vep_99_KH.tar.gz
ciona_savignyi_vep_99_CSAV2.0.tar.gz
clupea_harengus_vep_99_Ch_v2.0.2.tar.gz
colobus_angolensis_palliatus_vep_99_Cang.pa_1.0.tar.gz
cottoperca_gobio_vep_99_fCotGob3.1.tar.gz
coturnix_japonica_vep_99_Coturnix_japonica_2.0.tar.gz
cricetulus_griseus_chok1gshd_vep_99_CHOK1GS_HDv1.tar.gz
cricetulus_griseus_crigri_merged_vep_99_CriGri_1.0.tar.gz
cricetulus_griseus_crigri_refseq_vep_99_CriGri_1.0.tar.gz
cricetulus_griseus_crigri_vep_99_CriGri_1.0.tar.gz
cricetulus_griseus_picr_vep_99_CriGri-PICR.tar.gz
crocodylus_porosus_vep_99_CroPor_comp1.tar.gz
cyanistes_caeruleus_vep_99_cyaCae2.tar.gz
cynoglossus_semilaevis_merged_vep_99_Cse_v1.0.tar.gz
cynoglossus_semilaevis_refseq_vep_99_Cse_v1.0.tar.gz
cynoglossus_semilaevis_vep_99_Cse_v1.0.tar.gz
cyprinodon_variegatus_vep_99_C_variegatus-1.0.tar.gz
cyprinus_carpio_germanmirror_vep_99_German_Mirror_carp_1.0.tar.gz
cyprinus_carpio_hebaored_vep_99_Hebao_red_carp_1.0.tar.gz
cyprinus_carpio_huanghe_vep_99_Hunaghe_carp_2.0.tar.gz
danio_rerio_merged_vep_99_GRCz11.tar.gz
danio_rerio_refseq_vep_99_GRCz11.tar.gz
danio_rerio_vep_99_GRCz11.tar.gz
dasypus_novemcinctus_vep_99_Dasnov3.0.tar.gz
denticeps_clupeoides_vep_99_fDenClu1.1.tar.gz
dipodomys_ordii_vep_99_Dord_2.0.tar.gz
dromaius_novaehollandiae_vep_99_droNov1.tar.gz
drosophila_melanogaster_vep_99_BDGP6.28.tar.gz
echeneis_naucrates_vep_99_fEcheNa1.1.tar.gz
echinops_telfairi_vep_99_TENREC.tar.gz
electrophorus_electricus_vep_99_Ee_SOAP_WITH_SSPACE.tar.gz
eptatretus_burgeri_vep_99_Eburgeri_3.2.tar.gz
equus_asinus_asinus_vep_99_ASM303372v1.tar.gz
equus_caballus_merged_vep_99_EquCab3.0.tar.gz
equus_caballus_refseq_vep_99_EquCab3.0.tar.gz
equus_caballus_vep_99_EquCab3.0.tar.gz
erinaceus_europaeus_vep_99_HEDGEHOG.tar.gz
erpetoichthys_calabaricus_vep_99_fErpCal1.1.tar.gz
erythrura_gouldiae_vep_99_GouldianFinch.tar.gz
esox_lucius_merged_vep_99_Eluc_V3.tar.gz
esox_lucius_refseq_vep_99_Eluc_V3.tar.gz
esox_lucius_vep_99_Eluc_V3.tar.gz
felis_catus_merged_vep_99_Felis_catus_9.0.tar.gz
felis_catus_refseq_vep_99_Felis_catus_9.0.tar.gz
felis_catus_vep_99_Felis_catus_9.0.tar.gz
ficedula_albicollis_vep_99_FicAlb_1.4.tar.gz
fukomys_damarensis_vep_99_DMR_v1.0.tar.gz
fundulus_heteroclitus_merged_vep_99_Fundulus_heteroclitus-3.0.2.tar.gz
fundulus_heteroclitus_refseq_vep_99_Fundulus_heteroclitus-3.0.2.tar.gz
fundulus_heteroclitus_vep_99_Fundulus_heteroclitus-3.0.2.tar.gz
gadus_morhua_vep_99_gadMor1.tar.gz
gallus_gallus_merged_vep_99_GRCg6a.tar.gz
gallus_gallus_refseq_vep_99_GRCg6a.tar.gz
gallus_gallus_vep_99_GRCg6a.tar.gz
gambusia_affinis_vep_99_ASM309773v1.tar.gz
gasterosteus_aculeatus_vep_99_BROADS1.tar.gz
gopherus_agassizii_vep_99_ASM289641v1.tar.gz
gorilla_gorilla_merged_vep_99_gorGor4.tar.gz
gorilla_gorilla_refseq_vep_99_gorGor4.tar.gz
gorilla_gorilla_vep_99_gorGor4.tar.gz
gouania_willdenowi_vep_99_fGouWil2.1.tar.gz
haplochromis_burtoni_merged_vep_99_AstBur1.0.tar.gz
haplochromis_burtoni_refseq_vep_99_AstBur1.0.tar.gz
haplochromis_burtoni_vep_99_AstBur1.0.tar.gz
heterocephalus_glaber_female_merged_vep_99_HetGla_female_1.0.tar.gz
heterocephalus_glaber_female_refseq_vep_99_HetGla_female_1.0.tar.gz
heterocephalus_glaber_female_vep_99_HetGla_female_1.0.tar.gz
heterocephalus_glaber_male_vep_99_HetGla_1.0.tar.gz
hippocampus_comes_vep_99_H_comes_QL1_v1.tar.gz
homo_sapiens_merged_vep_99_GRCh37.tar.gz
homo_sapiens_merged_vep_99_GRCh38.tar.gz
homo_sapiens_refseq_vep_99_GRCh37.tar.gz
homo_sapiens_refseq_vep_99_GRCh38.tar.gz
homo_sapiens_vep_99_GRCh37.tar.gz
homo_sapiens_vep_99_GRCh38.tar.gz
hucho_hucho_vep_99_ASM331708v1.tar.gz
ictalurus_punctatus_merged_vep_99_IpCoco_1.2.tar.gz
ictalurus_punctatus_refseq_vep_99_IpCoco_1.2.tar.gz
ictalurus_punctatus_vep_99_IpCoco_1.2.tar.gz
ictidomys_tridecemlineatus_merged_vep_99_SpeTri2.0.tar.gz
ictidomys_tridecemlineatus_refseq_vep_99_SpeTri2.0.tar.gz
ictidomys_tridecemlineatus_vep_99_SpeTri2.0.tar.gz
jaculus_jaculus_merged_vep_99_JacJac1.0.tar.gz
jaculus_jaculus_refseq_vep_99_JacJac1.0.tar.gz
jaculus_jaculus_vep_99_JacJac1.0.tar.gz
junco_hyemalis_vep_99_ASM382977v1.tar.gz
kryptolebias_marmoratus_merged_vep_99_ASM164957v1.tar.gz
kryptolebias_marmoratus_refseq_vep_99_ASM164957v1.tar.gz
kryptolebias_marmoratus_vep_99_ASM164957v1.tar.gz
labrus_bergylta_vep_99_BallGen_V1.tar.gz
larimichthys_crocea_merged_vep_99_L_crocea_2.0.tar.gz
larimichthys_crocea_refseq_vep_99_L_crocea_2.0.tar.gz
larimichthys_crocea_vep_99_L_crocea_2.0.tar.gz
lates_calcarifer_vep_99_ASB_HGAPassembly_v1.tar.gz
latimeria_chalumnae_vep_99_LatCha1.tar.gz
lepidothrix_coronata_vep_99_Lepidothrix_coronata-1.0.tar.gz
lepisosteus_oculatus_vep_99_LepOcu1.tar.gz
lonchura_striata_domestica_vep_99_LonStrDom1.tar.gz
loxodonta_africana_vep_99_loxAfr3.tar.gz
lynx_canadensis_vep_99_mLynCan4_v1.p.tar.gz
macaca_fascicularis_merged_vep_99_Macaca_fascicularis_5.0.tar.gz
macaca_fascicularis_refseq_vep_99_Macaca_fascicularis_5.0.tar.gz
macaca_fascicularis_vep_99_Macaca_fascicularis_5.0.tar.gz
macaca_mulatta_merged_vep_99_Mmul_10.tar.gz
macaca_mulatta_refseq_vep_99_Mmul_10.tar.gz
macaca_mulatta_vep_99_Mmul_10.tar.gz
macaca_nemestrina_vep_99_Mnem_1.0.tar.gz
manacus_vitellinus_vep_99_ASM171598v2.tar.gz
mandrillus_leucophaeus_vep_99_Mleu.le_1.0.tar.gz
marmota_marmota_marmota_vep_99_marMar2.1.tar.gz
mastacembelus_armatus_vep_99_fMasArm1.1.tar.gz
maylandia_zebra_merged_vep_99_M_zebra_UMD2a.tar.gz
maylandia_zebra_refseq_vep_99_M_zebra_UMD2a.tar.gz
maylandia_zebra_vep_99_M_zebra_UMD2a.tar.gz
meleagris_gallopavo_vep_99_Turkey_2.01.tar.gz
melopsittacus_undulatus_merged_vep_99_Melopsittacus_undulatus_6.3.tar.gz
melopsittacus_undulatus_refseq_vep_99_Melopsittacus_undulatus_6.3.tar.gz
melopsittacus_undulatus_vep_99_Melopsittacus_undulatus_6.3.tar.gz
meriones_unguiculatus_vep_99_MunDraft-v1.0.tar.gz
mesocricetus_auratus_merged_vep_99_MesAur1.0.tar.gz
mesocricetus_auratus_refseq_vep_99_MesAur1.0.tar.gz
mesocricetus_auratus_vep_99_MesAur1.0.tar.gz
microcebus_murinus_merged_vep_99_Mmur_3.0.tar.gz
microcebus_murinus_refseq_vep_99_Mmur_3.0.tar.gz
microcebus_murinus_vep_99_Mmur_3.0.tar.gz
microtus_ochrogaster_merged_vep_99_MicOch1.0.tar.gz
microtus_ochrogaster_refseq_vep_99_MicOch1.0.tar.gz
microtus_ochrogaster_vep_99_MicOch1.0.tar.gz
mola_mola_vep_99_ASM169857v1.tar.gz
monodelphis_domestica_vep_99_ASM229v1.tar.gz
monopterus_albus_vep_99_M_albus_1.0.tar.gz
moschus_moschiferus_vep_99_MosMos_v2_BIUU_UCD.tar.gz
mus_caroli_vep_99_CAROLI_EIJ_v1.1.tar.gz
mus_musculus_merged_vep_99_GRCm38.tar.gz
mus_musculus_refseq_vep_99_GRCm38.tar.gz
mus_musculus_vep_99_GRCm38.tar.gz
mus_pahari_vep_99_PAHARI_EIJ_v1.1.tar.gz
mus_spicilegus_vep_99_MUSP714.tar.gz
mus_spretus_vep_99_SPRET_EiJ_v1.tar.gz
mustela_putorius_furo_vep_99_MusPutFur1.0.tar.gz
myotis_lucifugus_vep_99_Myoluc2.0.tar.gz
myripristis_murdjan_vep_99_fMyrMur1.1.tar.gz
nannospalax_galili_merged_vep_99_S.galili_v1.0.tar.gz
nannospalax_galili_refseq_vep_99_S.galili_v1.0.tar.gz
nannospalax_galili_vep_99_S.galili_v1.0.tar.gz
neogobius_melanostomus_vep_99_RGoby_Basel_V2.tar.gz
neolamprologus_brichardi_vep_99_NeoBri1.0.tar.gz
neovison_vison_vep_99_NNQGG.v01.tar.gz
nomascus_leucogenys_merged_vep_99_Nleu_3.0.tar.gz
nomascus_leucogenys_refseq_vep_99_Nleu_3.0.tar.gz
nomascus_leucogenys_vep_99_Nleu_3.0.tar.gz
notamacropus_eugenii_vep_99_Meug_1.0.tar.gz
notechis_scutatus_vep_99_TS10Xv2-PRI.tar.gz
nothoprocta_perdicaria_vep_99_notPer1.tar.gz
numida_meleagris_vep_99_NumMel1.0.tar.gz
ochotona_princeps_vep_99_OchPri2.0-Ens.tar.gz
octodon_degus_merged_vep_99_OctDeg1.0.tar.gz
octodon_degus_refseq_vep_99_OctDeg1.0.tar.gz
octodon_degus_vep_99_OctDeg1.0.tar.gz
oreochromis_aureus_vep_99_ASM587006v1.tar.gz
oreochromis_niloticus_merged_vep_99_O_niloticus_UMD_NMBU.tar.gz
oreochromis_niloticus_refseq_vep_99_O_niloticus_UMD_NMBU.tar.gz
oreochromis_niloticus_vep_99_O_niloticus_UMD_NMBU.tar.gz
ornithorhynchus_anatinus_vep_99_OANA5.tar.gz
oryctolagus_cuniculus_merged_vep_99_OryCun2.0.tar.gz
oryctolagus_cuniculus_refseq_vep_99_OryCun2.0.tar.gz
oryctolagus_cuniculus_vep_99_OryCun2.0.tar.gz
oryzias_latipes_hni_vep_99_ASM223471v1.tar.gz
oryzias_latipes_hsok_vep_99_ASM223469v1.tar.gz
oryzias_latipes_merged_vep_99_ASM223467v1.tar.gz
oryzias_latipes_refseq_vep_99_ASM223467v1.tar.gz
oryzias_latipes_vep_99_ASM223467v1.tar.gz
oryzias_melastigma_vep_99_Om_v0.7.RACA.tar.gz
otolemur_garnettii_vep_99_OtoGar3.tar.gz
ovis_aries_merged_vep_99_Oar_v3.1.tar.gz
ovis_aries_refseq_vep_99_Oar_v3.1.tar.gz
ovis_aries_vep_99_Oar_v3.1.tar.gz
pan_paniscus_merged_vep_99_panpan1.1.tar.gz
pan_paniscus_refseq_vep_99_panpan1.1.tar.gz
pan_paniscus_vep_99_panpan1.1.tar.gz
pan_troglodytes_merged_vep_99_Pan_tro_3.0.tar.gz
pan_troglodytes_refseq_vep_99_Pan_tro_3.0.tar.gz
pan_troglodytes_vep_99_Pan_tro_3.0.tar.gz
panthera_pardus_merged_vep_99_PanPar1.0.tar.gz
panthera_pardus_refseq_vep_99_PanPar1.0.tar.gz
panthera_pardus_vep_99_PanPar1.0.tar.gz
panthera_tigris_altaica_merged_vep_99_PanTig1.0.tar.gz
panthera_tigris_altaica_refseq_vep_99_PanTig1.0.tar.gz
panthera_tigris_altaica_vep_99_PanTig1.0.tar.gz
papio_anubis_merged_vep_99_Panu_3.0.tar.gz
papio_anubis_refseq_vep_99_Panu_3.0.tar.gz
papio_anubis_vep_99_Panu_3.0.tar.gz
parambassis_ranga_vep_99_fParRan2.1.tar.gz
paramormyrops_kingsleyae_vep_99_PKINGS_0.1.tar.gz
parus_major_merged_vep_99_Parus_major1.1.tar.gz
parus_major_refseq_vep_99_Parus_major1.1.tar.gz
parus_major_vep_99_Parus_major1.1.tar.gz
pavo_cristatus_vep_99_AIIM_Pcri_1.0.tar.gz
pelodiscus_sinensis_vep_99_PelSin_1.0.tar.gz
periophthalmus_magnuspinnatus_vep_99_PM.fa.tar.gz
peromyscus_maniculatus_bairdii_vep_99_HU_Pman_2.1.tar.gz
petromyzon_marinus_vep_99_Pmarinus_7.0.tar.gz
phascolarctos_cinereus_vep_99_phaCin_unsw_v4.1.tar.gz
phasianus_colchicus_vep_99_ASM414374v1.tar.gz
physeter_catodon_merged_vep_99_ASM283717v2.tar.gz
physeter_catodon_refseq_vep_99_ASM283717v2.tar.gz
physeter_catodon_vep_99_ASM283717v2.tar.gz
piliocolobus_tephrosceles_vep_99_ASM277652v2.tar.gz
podarcis_muralis_vep_99_PodMur_1.0.tar.gz
poecilia_formosa_vep_99_PoeFor_5.1.2.tar.gz
poecilia_latipinna_vep_99_P_latipinna-1.0.tar.gz
poecilia_mexicana_vep_99_P_mexicana-1.0.tar.gz
poecilia_reticulata_merged_vep_99_Guppy_female_1.0_MT.tar.gz
poecilia_reticulata_refseq_vep_99_Guppy_female_1.0_MT.tar.gz
poecilia_reticulata_vep_99_Guppy_female_1.0_MT.tar.gz
pogona_vitticeps_vep_99_pvi1.1.tar.gz
pongo_abelii_vep_99_PPYG2.tar.gz
procavia_capensis_vep_99_proCap1.tar.gz
prolemur_simus_vep_99_Prosim_1.0.tar.gz
propithecus_coquereli_merged_vep_99_Pcoq_1.0.tar.gz
propithecus_coquereli_refseq_vep_99_Pcoq_1.0.tar.gz
propithecus_coquereli_vep_99_Pcoq_1.0.tar.gz
pseudonaja_textilis_vep_99_EBS10Xv2-PRI.tar.gz
pteropus_vampyrus_vep_99_pteVam1.tar.gz
pundamilia_nyererei_merged_vep_99_PunNye1.0.tar.gz
pundamilia_nyererei_refseq_vep_99_PunNye1.0.tar.gz
pundamilia_nyererei_vep_99_PunNye1.0.tar.gz
pygocentrus_nattereri_vep_99_Pygocentrus_nattereri-1.0.2.tar.gz
rattus_norvegicus_merged_vep_99_Rnor_6.0.tar.gz
rattus_norvegicus_refseq_vep_99_Rnor_6.0.tar.gz
rattus_norvegicus_vep_99_Rnor_6.0.tar.gz
rhinolophus_ferrumequinum_vep_99_mRhiFer1_v1.p.tar.gz
rhinopithecus_bieti_merged_vep_99_ASM169854v1.tar.gz
rhinopithecus_bieti_refseq_vep_99_ASM169854v1.tar.gz
rhinopithecus_bieti_vep_99_ASM169854v1.tar.gz
rhinopithecus_roxellana_merged_vep_99_Rrox_v1.tar.gz
rhinopithecus_roxellana_refseq_vep_99_Rrox_v1.tar.gz
rhinopithecus_roxellana_vep_99_Rrox_v1.tar.gz
saccharomyces_cerevisiae_vep_99_R64-1-1.tar.gz
saimiri_boliviensis_boliviensis_merged_vep_99_SaiBol1.0.tar.gz
saimiri_boliviensis_boliviensis_refseq_vep_99_SaiBol1.0.tar.gz
saimiri_boliviensis_boliviensis_vep_99_SaiBol1.0.tar.gz
salarias_fasciatus_vep_99_fSalaFa1.1.tar.gz
salmo_salar_merged_vep_99_ICSASG_v2.tar.gz
salmo_salar_refseq_vep_99_ICSASG_v2.tar.gz
salmo_salar_vep_99_ICSASG_v2.tar.gz
salmo_trutta_vep_99_fSalTru1.1.tar.gz
salvator_merianae_vep_99_HLtupMer3.tar.gz
sarcophilus_harrisii_vep_99_DEVIL7.0.tar.gz
scleropages_formosus_merged_vep_99_fSclFor1.1.tar.gz
scleropages_formosus_refseq_vep_99_fSclFor1.1.tar.gz
scleropages_formosus_vep_99_fSclFor1.1.tar.gz
scophthalmus_maximus_vep_99_ASM318616v1.tar.gz
serinus_canaria_merged_vep_99_SCA1.tar.gz
serinus_canaria_refseq_vep_99_SCA1.tar.gz
serinus_canaria_vep_99_SCA1.tar.gz
seriola_dumerili_vep_99_Sdu_1.0.tar.gz
seriola_lalandi_dorsalis_vep_99_Sedor1.tar.gz
sinocyclocheilus_anshuiensis_vep_99_SAMN03320099.WGS_v1.1.tar.gz
sinocyclocheilus_grahami_vep_99_SAMN03320097.WGS_v1.1.tar.gz
sinocyclocheilus_rhinocerous_vep_99_SAMN03320098_v1.1.tar.gz
sorex_araneus_vep_99_COMMON_SHREW1.tar.gz
sparus_aurata_vep_99_fSpaAur1.1.tar.gz
spermophilus_dauricus_vep_99_ASM240643v1.tar.gz
sphaeramia_orbicularis_vep_99_fSphaOr1.1.tar.gz
sphenodon_punctatus_vep_99_ASM311381v1.tar.gz
stegastes_partitus_vep_99_Stegastes_partitus-1.0.2.tar.gz
strigops_habroptila_vep_99_bStrHab1_v1.p.tar.gz
struthio_camelus_australis_vep_99_ASM69896v1.tar.gz
suricata_suricatta_vep_99_meerkat_22Aug2017_6uvM2_HiC.tar.gz
sus_scrofa_bamei_vep_99_Bamei_pig_v1.tar.gz
sus_scrofa_berkshire_vep_99_Berkshire_pig_v1.tar.gz
sus_scrofa_hampshire_vep_99_Hampshire_pig_v1.tar.gz
sus_scrofa_jinhua_vep_99_Jinhua_pig_v1.tar.gz
sus_scrofa_landrace_vep_99_Landrace_pig_v1.tar.gz
sus_scrofa_largewhite_vep_99_Large_White_v1.tar.gz
sus_scrofa_meishan_vep_99_Meishan_pig_v1.tar.gz
sus_scrofa_merged_vep_99_Sscrofa11.1.tar.gz
sus_scrofa_pietrain_vep_99_Pietrain_pig_v1.tar.gz
sus_scrofa_refseq_vep_99_Sscrofa11.1.tar.gz
sus_scrofa_rongchang_vep_99_Rongchang_pig_v1.tar.gz
sus_scrofa_tibetan_vep_99_Tibetan_Pig_v2.tar.gz
sus_scrofa_usmarc_vep_99_USMARCv1.0.tar.gz
sus_scrofa_vep_99_Sscrofa11.1.tar.gz
sus_scrofa_wuzhishan_vep_99_minipig_v1.0.tar.gz
taeniopygia_guttata_merged_vep_99_bTaeGut1_v1.p.tar.gz
taeniopygia_guttata_refseq_vep_99_bTaeGut1_v1.p.tar.gz
taeniopygia_guttata_vep_99_bTaeGut1_v1.p.tar.gz
takifugu_rubripes_merged_vep_99_fTakRub1.2.tar.gz
takifugu_rubripes_refseq_vep_99_fTakRub1.2.tar.gz
takifugu_rubripes_vep_99_fTakRub1.2.tar.gz
terrapene_carolina_triunguis_vep_99_T_m_triunguis-2.0.tar.gz
tetraodon_nigroviridis_vep_99_TETRAODON8.tar.gz
theropithecus_gelada_vep_99_Tgel_1.0.tar.gz
tupaia_belangeri_vep_99_TREESHREW.tar.gz
tursiops_truncatus_vep_99_turTru1.tar.gz
urocitellus_parryii_vep_99_ASM342692v1.tar.gz
ursus_americanus_vep_99_ASM334442v1.tar.gz
ursus_maritimus_vep_99_UrsMar_1.0.tar.gz
varanus_komodoensis_vep_99_ASM479886v1.tar.gz
vicugna_pacos_vep_99_vicPac1.tar.gz
vombatus_ursinus_vep_99_bare-nosed_wombat_genome_assembly.tar.gz
vulpes_vulpes_vep_99_VulVul2.2.tar.gz
xenopus_tropicalis_merged_vep_99_Xenopus_tropicalis_v9.1.tar.gz
xenopus_tropicalis_refseq_vep_99_Xenopus_tropicalis_v9.1.tar.gz
xenopus_tropicalis_vep_99_Xenopus_tropicalis_v9.1.tar.gz
xiphophorus_couchianus_vep_99_Xiphophorus_couchianus-4.0.1.tar.gz
xiphophorus_maculatus_merged_vep_99_X_maculatus-5.0-male.tar.gz
xiphophorus_maculatus_refseq_vep_99_X_maculatus-5.0-male.tar.gz
xiphophorus_maculatus_vep_99_X_maculatus-5.0-male.tar.gz
zonotrichia_albicollis_merged_vep_99_Zonotrichia_albicollis-1.0.1.tar.gz
zonotrichia_albicollis_refseq_vep_99_Zonotrichia_albicollis-1.0.1.tar.gz
zonotrichia_albicollis_vep_99_Zonotrichia_albicollis-1.0.1.tar.gz
